strategy,mode,target_pair,target_net_edge_per_share,target_edge_per_share,completion_latency_ms,grace_ms,fixed_size,regime,finalized_at,slug,status,action,shares,maker_side,hedge_side,maker_price,maker_fill_qty,sell_price_a,sell_price_b,taker_fee_paid,taker_rebate_pnl_scenarios,detected_pair_price,detected_best_ask_a,detected_best_ask_b,execution_leg_a_avg,execution_leg_b_avg,execution_latency_ms,recovery_latency_ms,recovery_filled_leg,recovery_completion_avg,recovery_unwind_avg,filled_qty_a,filled_qty_b,matched_qty,initial_queue_ahead_a,initial_queue_ahead_b,initial_queue_ahead,maker_inventory_probability,maker_avg_inventory_loss_per_share,maker_empirical_reserve_per_share,realized_pnl,equity_after
TAKER,,,,,,,,,2026-09-07T15:08:09.722534Z,btc-updown-15m-1788793200,ONE_LEG_MISS,COMPLETE_MISSING_LEG,100,,,,,,,,,0.98,0.06,0.92,0.06,,205.01153400073235,101.28487200017844,A,0.95,0.05,,,,,,,,,,-1.927300,-1.927300
HYBRID-99,HYBRID,0.99,,,,,,,2026-09-07T15:10:47.740762Z,btc-updown-15m-1788793200,PARTIAL_OR_ONE_SIDED_EXIT,UNWIND_RESIDUAL_INVENTORY,5,,,,,,,,,0.99,,,,,,,,,,0,5,0,309.25,5,,1,0.014557,0.014557,-0.072785,-0.072785
MAKER-99,MAKER,0.99,,,,,,,2026-09-07T15:10:47.741780Z,btc-updown-15m-1788793200,PARTIAL_OR_ONE_SIDED_EXIT,UNWIND_RESIDUAL_INVENTORY,5,,,,,,,,,0.99,,,,,,,,,,0,5,0,309.25,5,,1,0.014557,0.014557,-0.072785,-0.072785
HYBRID-97,HYBRID,0.97,,,,,,,2026-09-07T15:11:51.238833Z,btc-updown-15m-1788793200,PARTIAL_OR_ONE_SIDED_EXIT,UNWIND_RESIDUAL_INVENTORY,5,,,,,,,,,0.97,,,,,,,,,,5,0,0,558,558.91,,1,0.02,0.02,-0.10,-0.10
HYBRID-96,HYBRID,0.96,,,,,,,2026-09-07T15:11:51.239204Z,btc-updown-15m-1788793200,PARTIAL_OR_ONE_SIDED_EXIT,UNWIND_RESIDUAL_INVENTORY,5,,,,,,,,,0.96,,,,,,,,,,5,0,0,558,3759,,1,0.02,0.02,-0.10,-0.10
MAKER-97,MAKER,0.97,,,,,,,2026-09-07T15:11:56.241705Z,btc-updown-15m-1788793200,PARTIAL_OR_ONE_SIDED_EXIT,UNWIND_RESIDUAL_INVENTORY,5,,,,,,,,,0.97,,,,,,,,,,5,0,0,558,558.91,,1,0.02,0.02,-0.10,-0.10
MAKER-96,MAKER,0.96,,,,,,,2026-09-07T15:11:56.242350Z,btc-updown-15m-1788793200,PARTIAL_OR_ONE_SIDED_EXIT,UNWIND_RESIDUAL_INVENTORY,5,,,,,,,,,0.96,,,,,,,,,,5,0,0,558,3759,,1,0.02,0.02,-0.10,-0.10
MAKER-99,MAKER,0.99,,,,,,,2026-09-07T15:12:35.590537Z,btc-updown-15m-1788793200,PARTIAL_OR_ONE_SIDED_EXIT,UNWIND_RESIDUAL_INVENTORY,5,,,,,,,,,0.984,,,,,,,,,,5,0,0,0,0,,1,0.01134836,0.01134836,-0.04069860,-0.11348360
MAKER-98,MAKER,0.98,,,,,,,2026-09-07T15:12:35.590873Z,btc-updown-15m-1788793200,PARTIAL_OR_ONE_SIDED_EXIT,UNWIND_RESIDUAL_INVENTORY,5,,,,,,,,,0.974,,,,,,,,,,5,0,0,0,0,,1,0.00813972,0.00813972,-0.04069860,-0.04069860
MAKER-97,MAKER,0.97,,,,,,,2026-09-07T15:12:35.591135Z,btc-updown-15m-1788793200,PARTIAL_OR_ONE_SIDED_EXIT,UNWIND_RESIDUAL_INVENTORY,5,,,,,,,,,0.961,,,,,,,,,,5,0,0,0,0,,1,0.01406986,0.01406986,-0.04069860,-0.14069860
MAKER-96,MAKER,0.96,,,,,,,2026-09-07T15:12:35.591357Z,btc-updown-15m-1788793200,PARTIAL_OR_ONE_SIDED_EXIT,UNWIND_RESIDUAL_INVENTORY,5,,,,,,,,,0.951,,,,,,,,,,5,0,0,0,0,,1,0.01406986,0.01406986,-0.04069860,-0.14069860
HYBRID-99,HYBRID,0.99,,,,,,,2026-09-07T15:12:35.591586Z,btc-updown-15m-1788793200,PARTIAL_OR_ONE_SIDED_EXIT,UNWIND_RESIDUAL_INVENTORY,5,,,,,,,,,0.99,,,,,,,,,,5,0,0,0,221.31,,1,0.01134836,0.01134836,-0.04069860,-0.11348360
HYBRID-98,HYBRID,0.98,,,,,,,2026-09-07T15:12:35.591814Z,btc-updown-15m-1788793200,PARTIAL_OR_ONE_SIDED_EXIT,UNWIND_RESIDUAL_INVENTORY,5,,,,,,,,,0.98,,,,,,,,,,5,0,0,0,335.13,,1,0.00813972,0.00813972,-0.04069860,-0.04069860
HYBRID-97,HYBRID,0.97,,,,,,,2026-09-07T15:12:35.592050Z,btc-updown-15m-1788793200,PARTIAL_OR_ONE_SIDED_EXIT,UNWIND_RESIDUAL_INVENTORY,5,,,,,,,,,0.97,,,,,,,,,,5,0,0,0,2533,,1,0.01406986,0.01406986,-0.04069860,-0.14069860
HYBRID-96,HYBRID,0.96,,,,,,,2026-09-07T15:12:35.592290Z,btc-updown-15m-1788793200,PARTIAL_OR_ONE_SIDED_EXIT,UNWIND_RESIDUAL_INVENTORY,5,,,,,,,,,0.96,,,,,,,,,,5,0,0,0,924,,1,0.01406986,0.01406986,-0.04069860,-0.14069860
MAKER-99,MAKER,0.99,,,,,,,2026-09-07T15:14:03.736730Z,btc-updown-15m-1788793200,PARTIAL_OR_ONE_SIDED_EXIT,UNWIND_RESIDUAL_INVENTORY,5,,,,,,,,,0.987,,,,,,,,,,5,0,0,0,0,,1,0.01058888333333333333333333333,0.01058888333333333333333333333,-0.04534965,-0.15883325
MAKER-98,MAKER,0.98,,,,,,,2026-09-07T15:14:03.737089Z,btc-updown-15m-1788793200,PARTIAL_OR_ONE_SIDED_EXIT,UNWIND_RESIDUAL_INVENTORY,5,,,,,,,,,0.977,,,,,,,,,,5,0,0,0,0,,1,0.008604825,0.008604825,-0.04534965,-0.08604825
MAKER-97,MAKER,0.97,,,,,,,2026-09-07T15:14:03.737332Z,btc-updown-15m-1788793200,PARTIAL_OR_ONE_SIDED_EXIT,UNWIND_RESIDUAL_INVENTORY,5,,,,,,,,,0.967,,,,,,,,,,5,0,0,0,0,,1,0.01240321666666666666666666667,0.01240321666666666666666666667,-0.04534965,-0.18604825
MAKER-96,MAKER,0.96,,,,,,,2026-09-07T15:14:03.737566Z,btc-updown-15m-1788793200,PARTIAL_OR_ONE_SIDED_EXIT,UNWIND_RESIDUAL_INVENTORY,5,,,,,,,,,0.957,,,,,,,,,,5,0,0,0,0,,1,0.01240321666666666666666666667,0.01240321666666666666666666667,-0.04534965,-0.18604825
HYBRID-99,HYBRID,0.99,,,,,,,2026-09-07T15:14:03.737808Z,btc-updown-15m-1788793200,PARTIAL_OR_ONE_SIDED_EXIT,UNWIND_RESIDUAL_INVENTORY,5,,,,,,,,,0.99,,,,,,,,,,5,0,0,0,160,,1,0.01058888333333333333333333333,0.01058888333333333333333333333,-0.04534965,-0.15883325
HYBRID-98,HYBRID,0.98,,,,,,,2026-09-07T15:14:03.738046Z,btc-updown-15m-1788793200,PARTIAL_OR_ONE_SIDED_EXIT,UNWIND_RESIDUAL_INVENTORY,5,,,,,,,,,0.98,,,,,,,,,,5,0,0,0,320,,1,0.008604825,0.008604825,-0.04534965,-0.08604825
HYBRID-97,HYBRID,0.97,,,,,,,2026-09-07T15:14:03.738538Z,btc-updown-15m-1788793200,PARTIAL_OR_ONE_SIDED_EXIT,UNWIND_RESIDUAL_INVENTORY,5,,,,,,,,,0.97,,,,,,,,,,5,0,0,0,137.21,,1,0.01240321666666666666666666667,0.01240321666666666666666666667,-0.04534965,-0.18604825
HYBRID-96,HYBRID,0.96,,,,,,,2026-09-07T15:14:03.738818Z,btc-updown-15m-1788793200,PARTIAL_OR_ONE_SIDED_EXIT,UNWIND_RESIDUAL_INVENTORY,5,,,,,,,,,0.96,,,,,,,,,,5,0,0,0,135,,1,0.01240321666666666666666666667,0.01240321666666666666666666667,-0.04534965,-0.18604825
HYBRID-99,HYBRID,0.99,,,,,,,2026-09-07T15:22:10.411085Z,btc-updown-15m-1788794100,PARTIAL_OR_ONE_SIDED_EXIT,UNWIND_RESIDUAL_INVENTORY,5,,,,,,,,,0.99,,,,,,,,,,0,5,0,54.38,10.88,,1,0.0147046625,0.0147046625,-0.135260,-0.29409325
MAKER-99,MAKER,0.99,,,,,,,2026-09-07T15:22:12.815420Z,btc-updown-15m-1788794100,PARTIAL_OR_ONE_SIDED_EXIT,UNWIND_RESIDUAL_INVENTORY,5,,,,,,,,,0.99,,,,,,,,,,0,5,0,54.38,10.88,,1,0.0171749125,0.0171749125,-0.184665,-0.34349825
HYBRID-99,HYBRID,0.99,,,,,,,2026-09-07T15:22:28.564464Z,btc-updown-15m-1788794100,PARTIAL_OR_ONE_SIDED_EXIT,UNWIND_RESIDUAL_INVENTORY,5,,,,,,,,,0.99,,,,,,,,,,0,5,0,158,0.59,,1,0.01694873,0.01694873,-0.129625,-0.42371825
MAKER-99,MAKER,0.99,,,,,,,2026-09-07T15:22:28.703300Z,btc-updown-15m-1788794100,PARTIAL_OR_ONE_SIDED_EXIT,UNWIND_RESIDUAL_INVENTORY,5,,,,,,,,,0.99,,,,,,,,,,0,5,0,158,0.59,,1,0.01892493,0.01892493,-0.129625,-0.47312325
HYBRID-99,HYBRID,0.99,,,,,,,2026-09-07T15:24:16.526093Z,btc-updown-15m-1788794100,PARTIAL_OR_ONE_SIDED_EXIT,UNWIND_RESIDUAL_INVENTORY,5,,,,,,,,,0.99,,,,,,,,,,0,5,0,99.07,270.92,,1,0.01828610833333333333333333333,0.01828610833333333333333333333,-0.124865,-0.54858325
MAKER-99,MAKER,0.99,,,,,,,2026-09-07T15:24:19.777800Z,btc-updown-15m-1788794100,PARTIAL_OR_ONE_SIDED_EXIT,UNWIND_RESIDUAL_INVENTORY,5,,,,,,,,,0.99,,,,,,,,,,0,5,0,99.07,270.92,,1,0.01993294166666666666666666667,0.01993294166666666666666666667,-0.124865,-0.59798825
HYBRID-99,HYBRID,0.99,,,,,,,2026-09-07T15:24:52.315909Z,btc-updown-15m-1788794100,PARTIAL_OR_ONE_SIDED_EXIT,UNWIND_RESIDUAL_INVENTORY,5,,,,,,,,,0.99,,,,,,,,,,5,0,0,9,246.98,,1,0.01902637857142857142857142857,0.01902637857142857142857142857,-0.117340,-0.66592325
HYBRID-98,HYBRID,0.98,,,,,,,2026-09-07T15:24:52.316887Z,btc-updown-15m-1788794100,PARTIAL_OR_ONE_SIDED_EXIT,UNWIND_RESIDUAL_INVENTORY,5,,,,,,,,,0.98,,,,,,,,,,5,0,0,9,117,,1,0.01355921666666666666666666667,0.01355921666666666666666666667,-0.117340,-0.20338825
MAKER-99,MAKER,0.99,,,,,,,2026-09-07T15:24:57.316605Z,btc-updown-15m-1788794100,PARTIAL_OR_ONE_SIDED_EXIT,UNWIND_RESIDUAL_INVENTORY,5,,,,,,,,,0.99,,,,,,,,,,5,0,0,9,246.98,,1,0.01896037857142857142857142857,0.01896037857142857142857142857,-0.065625,-0.66361325
MAKER-98,MAKER,0.98,,,,,,,2026-09-07T15:24:57.316993Z,btc-updown-15m-1788794100,PARTIAL_OR_ONE_SIDED_EXIT,UNWIND_RESIDUAL_INVENTORY,5,,,,,,,,,0.98,,,,,,,,,,5,0,0,9,117,,1,0.01011155,0.01011155,-0.065625,-0.15167325
HYBRID-99,HYBRID,0.99,,,,,,,2026-09-07T15:26:18.080730Z,btc-updown-15m-1788794100,PARTIAL_OR_ONE_SIDED_EXIT,UNWIND_RESIDUAL_INVENTORY,5,,,,,,,,,0.99,,,,,,,,,,0,5,0,135.51,115.04,,1,0.01875470625,0.01875470625,-0.084265,-0.75018825
MAKER-99,MAKER,0.99,,,,,,,2026-09-07T15:26:18.082767Z,btc-updown-15m-1788794100,PARTIAL_OR_ONE_SIDED_EXIT,UNWIND_RESIDUAL_INVENTORY,5,,,,,,,,,0.99,,,,,,,,,,0,5,0,135.51,115.04,,1,0.01869695625,0.01869695625,-0.084265,-0.74787825
HYBRID-99,HYBRID,0.99,,,,,,,2026-09-07T15:27:12.878457Z,btc-updown-15m-1788794100,PARTIAL_OR_ONE_SIDED_EXIT,UNWIND_RESIDUAL_INVENTORY,5,,,,,,,,,0.99,,,,,,,,,,0,5,0,95,227.24,,1,0.01911662777777777777777777778,0.01911662777777777777777777778,-0.110060,-0.86024825
MAKER-99,MAKER,0.99,,,,,,,2026-09-07T15:27:17.884337Z,btc-updown-15m-1788794100,PARTIAL_OR_ONE_SIDED_EXIT,UNWIND_RESIDUAL_INVENTORY,5,,,,,,,,,0.99,,,,,,,,,,0,5,0,95,227.24,,1,0.01906529444444444444444444444,0.01906529444444444444444444444,-0.110060,-0.85793825
HYBRID-99,HYBRID,0.99,,,,,,,2026-09-07T15:27:19.937496Z,btc-updown-15m-1788794100,PARTIAL_OR_ONE_SIDED_EXIT,UNWIND_RESIDUAL_INVENTORY,5,,,,,,,,,0.99,,,,,,,,,,5,0,0,180,1335,,1,0.019406165,0.019406165,-0.110060,-0.97030825
HYBRID-98,HYBRID,0.98,,,,,,,2026-09-07T15:27:19.937959Z,btc-updown-15m-1788794100,PARTIAL_OR_ONE_SIDED_EXIT,UNWIND_RESIDUAL_INVENTORY,5,,,,,,,,,0.98,,,,,,,,,,5,0,0,180,1585,,1,0.0156724125,0.0156724125,-0.110060,-0.31344825
MAKER-99,MAKER,0.99,,,,,,,2026-09-07T15:27:24.939222Z,btc-updown-15m-1788794100,PARTIAL_OR_ONE_SIDED_EXIT,UNWIND_RESIDUAL_INVENTORY,5,,,,,,,,,0.99,,,,,,,,,,5,0,0,180,1335,,1,0.018320065,0.018320065,-0.058065,-0.91600325
MAKER-98,MAKER,0.98,,,,,,,2026-09-07T15:27:24.939640Z,btc-updown-15m-1788794100,PARTIAL_OR_ONE_SIDED_EXIT,UNWIND_RESIDUAL_INVENTORY,5,,,,,,,,,0.98,,,,,,,,,,5,0,0,180,1585,,1,0.0104869125,0.0104869125,-0.058065,-0.20973825
HYBRID-99,HYBRID,0.99,,,,,,,2026-09-07T15:27:29.514400Z,btc-updown-15m-1788794100,PARTIAL_OR_ONE_SIDED_EXIT,UNWIND_RESIDUAL_INVENTORY,5,,,,,,,,,0.99,,,,,,,,,,5,0,0,10,756.81,,1,0.01960678636363636363636363636,0.01960678636363636363636363636,-0.108065,-1.07837325
HYBRID-98,HYBRID,0.98,,,,,,,2026-09-07T15:27:41.019724Z,btc-updown-15m-1788794100,PARTIAL_OR_ONE_SIDED_EXIT,UNWIND_RESIDUAL_INVENTORY,5,,,,,,,,,0.98,,,,,,,,,,5,0,0,80,160,,1,0.01253793,0.01253793,0.000615,-0.31283325
MAKER-99,MAKER,0.99,,,,,,,2026-09-07T15:27:41.020446Z,btc-updown-15m-1788794100,PARTIAL_OR_ONE_SIDED_EXIT,UNWIND_RESIDUAL_INVENTORY,5,,,,,,,,,0.99,,,,,,,,,,5,0,0,80,160,,1,0.01665460454545454545454545455,0.01665460454545454545454545455,0.000615,-0.91538825
MAKER-98,MAKER,0.98,,,,,,,2026-09-07T15:27:41.020724Z,btc-updown-15m-1788794100,PARTIAL_OR_ONE_SIDED_EXIT,UNWIND_RESIDUAL_INVENTORY,5,,,,,,,,,0.98,,,,,,,,,,5,0,0,80,160,,1,0.00838953,0.00838953,0.000615,-0.20912325
HYBRID-99,HYBRID,0.99,,,,,,,2026-09-07T15:31:56.212813Z,btc-updown-15m-1788795000,PARTIAL_OR_ONE_SIDED_EXIT,UNWIND_RESIDUAL_INVENTORY,5,,,,,,,,,0.99,,,,,,,,,,0,5,0,182.79,887,,1,0.01992855416666666666666666667,0.01992855416666666666666666667,-0.117340,-1.19571325
MAKER-99,MAKER,0.99,,,,,,,2026-09-07T15:31:56.703874Z,btc-updown-15m-1788795000,PARTIAL_OR_ONE_SIDED_EXIT,UNWIND_RESIDUAL_INVENTORY,5,,,,,,,,,0.99,,,,,,,,,,0,5,0,182.79,887,,1,0.0180831375,0.0180831375,-0.168985,-1.08437325
HYBRID-99,HYBRID,0.99,,,,,,,2026-09-07T15:32:04.204413Z,btc-updown-15m-1788795000,PARTIAL_OR_ONE_SIDED_EXIT,UNWIND_RESIDUAL_INVENTORY,5,,,,,,,,,0.99,,,,,,,,,,5,0,0,95,268.36,,1,0.02014697307692307692307692308,0.02014697307692307692307692308,-0.113840,-1.30955325
HYBRID-98,HYBRID,0.98,,,,,,,2026-09-07T15:32:04.204824Z,btc-updown-15m-1788795000,PARTIAL_OR_ONE_SIDED_EXIT,UNWIND_RESIDUAL_INVENTORY,5,,,,,,,,,0.98,,,,,,,,,,5,0,0,95,529,,1,0.01424294166666666666666666667,0.01424294166666666666666666667,-0.113840,-0.42667325
MAKER-99,MAKER,0.99,,,,,,,2026-09-07T15:32:04.388258Z,btc-updown-15m-1788795000,PARTIAL_OR_ONE_SIDED_EXIT,UNWIND_RESIDUAL_INVENTORY,5,,,,,,,,,0.99,,,,,,,,,,5,0,0,95,268.36,,1,0.02139981923076923076923076923,0.02139981923076923076923076923,-0.3060,-1.39037325
MAKER-98,MAKER,0.98,,,,,,,2026-09-07T15:32:04.388558Z,btc-updown-15m-1788795000,PARTIAL_OR_ONE_SIDED_EXIT,UNWIND_RESIDUAL_INVENTORY,5,,,,,,,,,0.98,,,,,,,,,,5,0,0,95,529,,1,0.017191275,0.017191275,-0.3060,-0.51512325
HYBRID-99,HYBRID,0.99,,,,,,,2026-09-07T15:34:07.269140Z,btc-updown-15m-1788795000,PARTIAL_OR_ONE_SIDED_EXIT,UNWIND_RESIDUAL_INVENTORY,5,,,,,,,,,0.99,,,,,,,,,,5,0,0,282.27,132,,1,0.020738475,0.020738475,-0.142140,-1.45169325
HYBRID-98,HYBRID,0.98,,,,,,,2026-09-07T15:34:07.269561Z,btc-updown-15m-1788795000,PARTIAL_OR_ONE_SIDED_EXIT,UNWIND_RESIDUAL_INVENTORY,5,,,,,,,,,0.98,,,,,,,,,,5,0,0,282.27,51,,1,0.01626937857142857142857142857,0.01626937857142857142857142857,-0.142140,-0.56881325
MAKER-99,MAKER,0.99,,,,,,,2026-09-07T15:34:09.030102Z,btc-updown-15m-1788795000,PARTIAL_OR_ONE_SIDED_EXIT,UNWIND_RESIDUAL_INVENTORY,5,,,,,,,,,0.99,,,,,,,,,,5,0,0,282.27,132,,1,0.02190183214285714285714285714,0.02190183214285714285714285714,-0.142140,-1.53251325
MAKER-98,MAKER,0.98,,,,,,,2026-09-07T15:34:09.030466Z,btc-updown-15m-1788795000,PARTIAL_OR_ONE_SIDED_EXIT,UNWIND_RESIDUAL_INVENTORY,5,,,,,,,,,0.98,,,,,,,,,,5,0,0,282.27,51,,1,0.01879652142857142857142857143,0.01879652142857142857142857143,-0.142140,-0.65726325
MAKER-99,MAKER,0.99,,,,,,,2026-09-07T15:35:13.932534Z,btc-updown-15m-1788795000,PARTIAL_OR_ONE_SIDED_EXIT,UNWIND_RESIDUAL_INVENTORY,5,,,,,,,,,0.99,,,,,,,,,,0,2.82,0,35,10,,1,0.02044171,0.02044171,0.00443304,-1.52808021
HYBRID-99,HYBRID,0.99,,,,,,,2026-09-07T15:35:13.933095Z,btc-updown-15m-1788795000,PARTIAL_OR_ONE_SIDED_EXIT,UNWIND_RESIDUAL_INVENTORY,5,,,,,,,,,0.98,,,,,,,,,,0,2.82,0,209.6,10,,1,0.01935591,0.01935591,0.00443304,-1.44726021
MAKER-99,MAKER,0.99,,,,,,,2026-09-07T15:35:27.411686Z,btc-updown-15m-1788795000,PARTIAL_OR_ONE_SIDED_EXIT,UNWIND_RESIDUAL_INVENTORY,5,,,,,,,,,0.99,,,,,,,,,,5,0,0,229.6,90,,1,0.019658915625,0.019658915625,-0.039585,-1.56766521
HYBRID-99,HYBRID,0.99,,,,,,,2026-09-07T15:35:27.412206Z,btc-updown-15m-1788795000,PARTIAL_OR_ONE_SIDED_EXIT,UNWIND_RESIDUAL_INVENTORY,5,,,,,,,,,0.99,,,,,,,,,,5,0,0,229.6,90,,1,0.018640978125,0.018640978125,-0.039585,-1.48684521
HYBRID-99,HYBRID,0.99,,,,,,,2026-09-07T15:36:01.848211Z,btc-updown-15m-1788795000,PARTIAL_OR_ONE_SIDED_EXIT,UNWIND_RESIDUAL_INVENTORY,5,,,,,,,,,0.98,,,,,,,,,,5,0,0,72.01,160,,1,0.01754445,0.01754445,0.057860,-1.42898521
HYBRID-98,HYBRID,0.98,,,,,,,2026-09-07T15:36:01.848531Z,btc-updown-15m-1788795000,PARTIAL_OR_ONE_SIDED_EXIT,UNWIND_RESIDUAL_INVENTORY,5,,,,,,,,,0.97,,,,,,,,,,5,0,0,72.01,80,,1,0.01423570625,0.01423570625,0.057860,-0.51095325
MAKER-99,MAKER,0.99,,,,,,,2026-09-07T15:36:01.849615Z,btc-updown-15m-1788795000,PARTIAL_OR_ONE_SIDED_EXIT,UNWIND_RESIDUAL_INVENTORY,5,,,,,,,,,0.99,,,,,,,,,,5,0,0,72.01,166.49,,1,0.01850250882352941176470588235,0.01850250882352941176470588235,0.057860,-1.50980521
MAKER-98,MAKER,0.98,,,,,,,2026-09-07T15:36:01.849862Z,btc-updown-15m-1788795000,PARTIAL_OR_ONE_SIDED_EXIT,UNWIND_RESIDUAL_INVENTORY,5,,,,,,,,,0.98,,,,,,,,,,5,0,0,72.01,110,,1,0.01644695625,0.01644695625,0.057860,-0.59940325
HYBRID-99,HYBRID,0.99,,,,,,,2026-09-07T15:37:55.267251Z,btc-updown-15m-1788795000,PARTIAL_OR_ONE_SIDED_EXIT,UNWIND_RESIDUAL_INVENTORY,5,,,,,,,,,0.99,,,,,,,,,,5,0,0,215.92,215.81,,1,0.01771093388888888888888888889,0.01771093388888888888888888889,-0.1027058,-1.53169101
HYBRID-98,HYBRID,0.98,,,,,,,2026-09-07T15:37:55.267629Z,btc-updown-15m-1788795000,PARTIAL_OR_ONE_SIDED_EXIT,UNWIND_RESIDUAL_INVENTORY,5,,,,,,,,,0.98,,,,,,,,,,5,0,0,215.92,330,,1,0.01493631222222222222222222222,0.01493631222222222222222222222,-0.1027058,-0.61365905
MAKER-99,MAKER,0.99,,,,,,,2026-09-07T15:37:56.838371Z,btc-updown-15m-1788795000,PARTIAL_OR_ONE_SIDED_EXIT,UNWIND_RESIDUAL_INVENTORY,5,,,,,,,,,0.99,,,,,,,,,,5,0,0,215.92,215.81,,1,0.01817948055555555555555555556,0.01817948055555555555555555556,-0.063440,-1.57324521
MAKER-98,MAKER,0.98,,,,,,,2026-09-07T15:37:56.838741Z,btc-updown-15m-1788795000,PARTIAL_OR_ONE_SIDED_EXIT,UNWIND_RESIDUAL_INVENTORY,5,,,,,,,,,0.98,,,,,,,,,,5,0,0,215.92,330,,1,0.01602929444444444444444444444,0.01602929444444444444444444444,-0.063440,-0.66284325
HYBRID-99,HYBRID,0.99,,,,,,,2026-09-07T15:45:11.167227Z,btc-updown-15m-1788795900,PARTIAL_OR_ONE_SIDED_EXIT,UNWIND_RESIDUAL_INVENTORY,5,,,,,,,,,0.99,,,,,,,,,,5,0,0,42.83,110,,1,0.01820809526315789473684210526,0.01820809526315789473684210526,-0.135785,-1.66747601
HYBRID-98,HYBRID,0.98,,,,,,,2026-09-07T15:45:11.167623Z,btc-updown-15m-1788795900,PARTIAL_OR_ONE_SIDED_EXIT,UNWIND_RESIDUAL_INVENTORY,5,,,,,,,,,0.98,,,,,,,,,,5,0,0,42.83,2104,,1,0.016158381,0.016158381,-0.135785,-0.74944405
MAKER-99,MAKER,0.99,,,,,,,2026-09-07T15:45:11.446751Z,btc-updown-15m-1788795900,PARTIAL_OR_ONE_SIDED_EXIT,UNWIND_RESIDUAL_INVENTORY,5,,,,,,,,,0.99,,,,,,,,,,5,0,0,42.83,110,,1,0.01865198157894736842105263158,0.01865198157894736842105263158,-0.135785,-1.70903021
MAKER-98,MAKER,0.98,,,,,,,2026-09-07T15:45:11.447074Z,btc-updown-15m-1788795900,PARTIAL_OR_ONE_SIDED_EXIT,UNWIND_RESIDUAL_INVENTORY,5,,,,,,,,,0.98,,,,,,,,,,5,0,0,42.83,2104,,1,0.017142065,0.017142065,-0.135785,-0.79862825
HYBRID-99,HYBRID,0.99,,,,,,,2026-09-07T15:51:49.681435Z,btc-updown-15m-1788795900,PARTIAL_OR_ONE_SIDED_EXIT,UNWIND_RESIDUAL_INVENTORY,5,,,,,,,,,0.99,,,,,,,,,,0,5,0,361.52,80,,1,0.0185032905,0.0185032905,-0.120560,-1.78803601
MAKER-99,MAKER,0.99,,,,,,,2026-09-07T15:51:50.231942Z,btc-updown-15m-1788795900,PARTIAL_OR_ONE_SIDED_EXIT,UNWIND_RESIDUAL_INVENTORY,5,,,,,,,,,0.99,,,,,,,,,,0,5,0,361.52,80,,1,0.0194092325,0.0194092325,-0.168985,-1.87801521
HYBRID-99,HYBRID,0.99,,,,,,,2026-09-07T15:52:36.136948Z,btc-updown-15m-1788795900,PARTIAL_OR_ONE_SIDED_EXIT,UNWIND_RESIDUAL_INVENTORY,5,,,,,,,,,0.99,,,,,,,,,,5,0,0,9,160,,1,0.01867037190476190476190476190,0.01867037190476190476190476190,-0.110060,-1.89809601
HYBRID-98,HYBRID,0.98,,,,,,,2026-09-07T15:52:36.137493Z,btc-updown-15m-1788795900,PARTIAL_OR_ONE_SIDED_EXIT,UNWIND_RESIDUAL_INVENTORY,5,,,,,,,,,0.98,,,,,,,,,,5,0,0,9,185,,1,0.01669052818181818181818181818,0.01669052818181818181818181818,-0.110060,-0.85950405
MAKER-99,MAKER,0.99,,,,,,,2026-09-07T15:52:36.315800Z,btc-updown-15m-1788795900,PARTIAL_OR_ONE_SIDED_EXIT,UNWIND_RESIDUAL_INVENTORY,5,,,,,,,,,0.99,,,,,,,,,,5,0,0,9,160,,1,0.01953317380952380952380952381,0.01953317380952380952380952381,-0.110060,-1.98807521
MAKER-98,MAKER,0.98,,,,,,,2026-09-07T15:52:36.316090Z,btc-updown-15m-1788795900,PARTIAL_OR_ONE_SIDED_EXIT,UNWIND_RESIDUAL_INVENTORY,5,,,,,,,,,0.98,,,,,,,,,,5,0,0,9,185,,1,0.01758478636363636363636363636,0.01758478636363636363636363636,-0.110060,-0.90868825
HYBRID-99,HYBRID,0.99,,,,,,,2026-09-07T15:55:17.108699Z,btc-updown-15m-1788795900,PARTIAL_OR_ONE_SIDED_EXIT,UNWIND_RESIDUAL_INVENTORY,5,,,,,,,,,0.99,,,,,,,,,,0,5,0,1399.25,179.96,,1,0.01899140045454545454545454545,0.01899140045454545454545454545,-0.128665,-2.02676101
MAKER-99,MAKER,0.99,,,,,,,2026-09-07T15:55:17.179460Z,btc-updown-15m-1788795900,PARTIAL_OR_ONE_SIDED_EXIT,UNWIND_RESIDUAL_INVENTORY,5,,,,,,,,,0.99,,,,,,,,,,0,5,0,1399.25,179.96,,1,0.01981498409090909090909090909,0.01981498409090909090909090909,-0.128665,-2.11674021
HYBRID-99,HYBRID,0.99,,,,,,,2026-09-07T15:58:30.424852Z,btc-updown-15m-1788795900,PARTIAL_OR_ONE_SIDED_EXIT,UNWIND_RESIDUAL_INVENTORY,5,,,,,,,,,0.99,,,,,,,,,,0,5,0,267.15,47,,1,0.01909490478260869565217391304,0.01909490478260869565217391304,-0.106860,-2.13362101
MAKER-99,MAKER,0.99,,,,,,,2026-09-07T15:58:35.039611Z,btc-updown-15m-1788795900,PARTIAL_OR_ONE_SIDED_EXIT,UNWIND_RESIDUAL_INVENTORY,5,,,,,,,,,0.99,,,,,,,,,,0,5,0,267.15,47,,1,0.01988268043478260869565217391,0.01988268043478260869565217391,-0.106860,-2.22360021
MAKER-99,MAKER,0.99,,,,,,,2026-09-07T15:58:46.314890Z,btc-updown-15m-1788795900,PARTIAL_OR_ONE_SIDED_EXIT,UNWIND_RESIDUAL_INVENTORY,5,,,,,,,,,0.99,,,,,,,,,,0,5,0,431.24,111.44,,1,0.01949977708333333333333333333,0.01949977708333333333333333333,-0.053465,-2.27706521
MAKER-96,MAKER,0.96,,,,,,,2026-09-07T15:58:46.315310Z,btc-updown-15m-1788795900,PARTIAL_OR_ONE_SIDED_EXIT,UNWIND_RESIDUAL_INVENTORY,5,,,,,,,,,0.96,,,,,,,,,,0,5,0,5526.21,172.24,,1,0.0119756625,0.0119756625,-0.053465,-0.23951325
HYBRID-96,HYBRID,0.96,,,,,,,2026-09-07T15:58:46.315663Z,btc-updown-15m-1788795900,PARTIAL_OR_ONE_SIDED_EXIT,UNWIND_RESIDUAL_INVENTORY,5,,,,,,,,,0.96,,,,,,,,,,0,5,0,5526.21,172.24,,1,0.0119756625,0.0119756625,-0.053465,-0.23951325
HYBRID-99,HYBRID,0.99,,,,,,,2026-09-07T16:04:13.302022Z,btc-updown-15m-1788796800,PARTIAL_OR_ONE_SIDED_EXIT,UNWIND_RESIDUAL_INVENTORY,5,,,,,,,,,0.99,,,,,,,,,,0,5,0,822.55,0.73,,1,0.01918261708333333333333333333,0.01918261708333333333333333333,-0.1060,-2.23962101
MAKER-99,MAKER,0.99,,,,,,,2026-09-07T16:04:17.819849Z,btc-updown-15m-1788796800,PARTIAL_OR_ONE_SIDED_EXIT,UNWIND_RESIDUAL_INVENTORY,5,,,,,,,,,0.99,,,,,,,,,,0,5,0,822.55,0.73,,1,0.019950706,0.019950706,-0.153865,-2.43093021
HYBRID-99,HYBRID,0.99,,,,,,,2026-09-07T16:04:56.508447Z,btc-updown-15m-1788796800,PARTIAL_OR_ONE_SIDED_EXIT,UNWIND_RESIDUAL_INVENTORY,5,,,,,,,,,0.99,,,,,,,,,,0,5,0,185.58,31,,1,0.0193918324,0.0193918324,-0.122065,-2.36168601
MAKER-99,MAKER,0.99,,,,,,,2026-09-07T16:05:00.442497Z,btc-updown-15m-1788796800,PARTIAL_OR_ONE_SIDED_EXIT,UNWIND_RESIDUAL_INVENTORY,5,,,,,,,,,0.99,,,,,,,,,,0,5,0,185.58,31,,1,0.01918337115384615384615384615,0.01918337115384615384615384615,0.023840,-2.40709021
